event_id,date,time,event,event_type,owner,status
EVT-001,2026-07-08,08:25,张伟到岗，查看手机未读消息和当天日程,CONTEXT,张伟,DONE
EVT-002,2026-07-08,08:35,RM工作台生成今日经营队列，华东精工进入Top 1,WORKBENCH,张伟,DONE
EVT-003,2026-07-08,08:42,张伟打开华东精工Customer Operating View,COV,张伟,DONE
EVT-004,2026-07-08,08:50,晨会：主管陈晓峰要求说明本周重点客户推进情况,MORNING_MEETING,张伟,DONE
EVT-005,2026-07-08,08:58,系统解释设备更新政策和华东精工客户匹配链,MARKET_SIGNAL,张伟,DONE
EVT-006,2026-07-08,09:08,生成KYC Gap，发现项目主体/资金语义/付款节奏等缺口,KYC_GAP,张伟,DONE
EVT-007,2026-07-08,09:18,系统恢复3月设备清单承诺和历史客户原话,MEMORY,张伟,DONE
EVT-008,2026-07-08,09:28,生成R1访前报告和R2 60秒作战卡,PRE_VISIT,张伟,DONE
EVT-009,2026-07-08,09:38,产品知识校验：设备更新贷款使用V2.2，旧V2.1被阻断,PRODUCT_VERSION,张伟,DONE
EVT-010,2026-07-08,09:50,张伟与赵敏内部沟通：现有流贷能否用于设备款？,INTERNAL_COLLAB,张伟,DONE
EVT-011,2026-07-08,10:05,第一次致电CFO未接，系统仅记录触达状态,OUTREACH,张伟,DONE
EVT-012,2026-07-08,10:12,张伟发微信简短说明，等待客户回复,OUTREACH,张伟,DONE
EVT-013,2026-07-08,10:28,王强回复并确认下午14:30拜访,OUTREACH,张伟,DONE
EVT-014,2026-07-08,10:40,张伟确认拜访对象：CFO、财务总经理；采购负责人可能后半程加入,VISIT_PLAN,张伟,DONE
EVT-015,2026-07-08,11:05,交易银行王彬补充供应商付款和现金管理准备项,INTERNAL_COLLAB,张伟,DONE
EVT-016,2026-07-08,11:40,张伟处理另一客户紧急电话，华东精工任务保持不丢失,INTERRUPTION,张伟,DONE
EVT-017,2026-07-08,13:35,出发前R2卡再次提醒3000万语义、项目主体、No-Go,MOBILE_PREP,张伟,DONE
EVT-018,2026-07-08,14:25,到达客户现场，客户拒绝全程录音，选择现场笔记+访后口述,CONSENT,张伟,DONE
EVT-019,2026-07-08,14:30,拜访开场：重述上次沟通和本次目标,MEETING,张伟,DONE
EVT-020,2026-07-08,14:42,客户确认二期项目推进，但项目主体尚未最终过会,MEETING,张伟,DONE
EVT-021,2026-07-08,14:53,王强说“希望银行增加3000万左右支持”,MEETING,张伟,DONE
EVT-022,2026-07-08,14:54,系统将该表达标为Ambiguous Intent，张伟追问四种语义,FACT_RECONCILIATION,张伟,DONE
EVT-023,2026-07-08,14:58,CFO澄清为第一阶段设备款资金安排，不等同正式新增授信申请,FACT_RECONCILIATION,张伟,DONE
EVT-024,2026-07-08,15:08,客户说明设备清单三千多万、付款30/40/30,MEETING,张伟,DONE
EVT-025,2026-07-08,15:22,采购负责人加入，说明三家供应商交期和预付款压力,MEETING,张伟,DONE
EVT-026,2026-07-08,15:33,交易银行机会：供应商付款工具；客户强调不要过度复杂,MEETING,张伟,DONE
EVT-027,2026-07-08,15:40,现金管理话题：子公司资金调拨仍靠手工协调,MEETING,张伟,DONE
EVT-028,2026-07-08,15:50,离场前确认双方承诺和截止日,EXIT_CONFIRM,张伟,DONE
EVT-029,2026-07-08,16:10,回程中张伟做3分20秒访后口述,DEBRIEF,张伟,DONE
EVT-030,2026-07-08,16:35,系统对照访前问题，发现“他行方案细节”未获得,POST_VISIT,张伟,DONE
EVT-031,2026-07-08,16:50,生成Interaction对象、Claim/Commitment/Task/Signal,POST_VISIT,张伟,DONE
EVT-032,2026-07-08,17:05,生成R4、R5-A、R5-B及专业协同Fact Pack,REPORT,张伟,DONE
EVT-033,2026-07-08,17:20,RM审核CRM写回；正式Opportunity创建建议被EDIT为Signal,HUMAN_GATE,张伟,DONE
EVT-034,2026-07-08,17:35,赵敏、王彬、李晨分别收到专业协同Task,COLLAB,张伟,DONE
EVT-035,2026-07-08,18:00,主管看到过程状态：设备清单承诺未完成、风险会商待办,MANAGEMENT,张伟,DONE
EVT-036,2026-07-08,19:10,张伟日终查看未决事项和次日提醒,END_OF_DAY,张伟,OPEN
