account_id,entity_id,account_type,currency,opened_date,status,visibility_scope
AC-001,ENT-001,基本结算户,CNY,2020-01-01,ACTIVE,BANK_VISIBLE_ONLY
AC-002,ENT-001,一般结算户,CNY,2020-01-01,ACTIVE,BANK_VISIBLE_ONLY
AC-003,ENT-002,项目准备户,CNY,2020-01-01,ACTIVE,BANK_VISIBLE_ONLY
AC-004,ENT-003,采购结算户,CNY,2020-01-01,ACTIVE,BANK_VISIBLE_ONLY
AC-005,ENT-004,跨境结算户,USD,2020-01-01,ACTIVE,BANK_VISIBLE_ONLY
AC-006,ENT-004,跨境结算户,CNY,2020-01-01,ACTIVE,BANK_VISIBLE_ONLY
AC-007,ENT-001,工资代发专户,CNY,2020-01-01,ACTIVE,BANK_VISIBLE_ONLY
AC-008,ENT-003,一般结算户,CNY,2020-01-01,ACTIVE,BANK_VISIBLE_ONLY
AC-009,ENT-005,一般结算户,CNY,2020-01-01,ACTIVE,BANK_VISIBLE_ONLY
